Motif,Observed,Expected,Enrichment
AAA,23,24.828125,0.9263687853996224
AAC,10,24.828125,0.4027690371302706
AAG,31,24.828125,1.248584015103839
AAT,2,24.828125,0.08055380742605413
ACA,20,24.828125,0.8055380742605412
ACC,19,24.828125,0.7652611705475142
ACG,6,24.828125,0.24166142227816237
ACT,9,24.828125,0.36249213341724357
AGA,28,24.828125,1.1277533039647578
AGC,30,24.828125,1.208307111390812
AGG,51,24.828125,2.05412208936438
AGT,20,24.828125,0.8055380742605412
ATA,8,24.828125,0.3222152297042165
ATC,25,24.828125,1.0069225928256764
ATG,25,24.828125,1.0069225928256764
ATT,21,24.828125,0.8458149779735683
CAA,17,24.828125,0.6847073631214601
CAC,29,24.828125,1.1680302076777849
CAG,42,24.828125,1.6916299559471366
CAT,20,24.828125,0.8055380742605412
CCA,35,24.828125,1.4096916299559472
CCC,29,24.828125,1.1680302076777849
CCG,10,24.828125,0.4027690371302706
CCT,39,24.828125,1.5707992448080554
CGA,3,24.828125,0.12083071113908118
CGC,8,24.828125,0.3222152297042165
CGG,9,24.828125,0.36249213341724357
CGT,3,24.828125,0.12083071113908118
CTA,12,24.828125,0.48332284455632474
CTC,37,24.828125,1.4902454373820013
CTG,53,24.828125,2.1346758967904345
CTT,28,24.828125,1.1277533039647578
GAA,34,24.828125,1.3694147262429202
GAC,16,24.828125,0.644430459408433
GAG,40,24.828125,1.6110761485210825
GAT,17,24.828125,0.6847073631214601
GCA,27,24.828125,1.0874764002517308
GCC,28,24.828125,1.1277533039647578
GCG,15,24.828125,0.604153555695406
GCT,38,24.828125,1.5305223410950284
GGA,49,24.828125,1.973568281938326
GGC,37,24.828125,1.4902454373820013
GGG,49,24.828125,1.973568281938326
GGT,28,24.828125,1.1277533039647578
GTA,13,24.828125,0.5235997482693517
GTC,19,24.828125,0.7652611705475142
GTG,48,24.828125,1.933291378225299
GTT,21,24.828125,0.8458149779735683
TAA,12,24.828125,0.48332284455632474
TAC,4,24.828125,0.16110761485210826
TAG,14,24.828125,0.5638766519823789
TAT,20,24.828125,0.8055380742605412
TCA,18,24.828125,0.7249842668344871
TCC,34,24.828125,1.3694147262429202
TCG,5,24.828125,0.2013845185651353
TCT,44,24.828125,1.7721837633731907
TGA,37,24.828125,1.4902454373820013
TGC,61,24.828125,2.456891126494651
TGG,38,24.828125,1.5305223410950284
TGT,32,24.828125,1.288860918816866
TTA,13,24.828125,0.5235997482693517
TTC,26,24.828125,1.0471994965387035
TTG,28,24.828125,1.1277533039647578
TTT,22,24.828125,0.8860918816865954
