Motif,Observed,Expected,Enrichment
AAA,13,14.15625,0.9183222958057395
AAC,6,14.15625,0.423841059602649
AAG,19,14.15625,1.3421633554083885
AAT,2,14.15625,0.141280353200883
ACA,12,14.15625,0.847682119205298
ACC,14,14.15625,0.9889624724061811
ACG,3,14.15625,0.2119205298013245
ACT,5,14.15625,0.35320088300220753
AGA,15,14.15625,1.0596026490066226
AGC,15,14.15625,1.0596026490066226
AGG,26,14.15625,1.836644591611479
AGT,8,14.15625,0.565121412803532
ATA,5,14.15625,0.35320088300220753
ATC,14,14.15625,0.9889624724061811
ATG,14,14.15625,0.9889624724061811
ATT,18,14.15625,1.271523178807947
CAA,7,14.15625,0.49448123620309054
CAC,17,14.15625,1.2008830022075054
CAG,19,14.15625,1.3421633554083885
CAT,13,14.15625,0.9183222958057395
CCA,22,14.15625,1.554083885209713
CCC,16,14.15625,1.130242825607064
CCG,7,14.15625,0.49448123620309054
CCT,24,14.15625,1.695364238410596
CGA,2,14.15625,0.141280353200883
CGC,3,14.15625,0.2119205298013245
CGG,3,14.15625,0.2119205298013245
CGT,1,14.15625,0.0706401766004415
CTA,12,14.15625,0.847682119205298
CTC,22,14.15625,1.554083885209713
CTG,27,14.15625,1.9072847682119205
CTT,16,14.15625,1.130242825607064
GAA,19,14.15625,1.3421633554083885
GAC,7,14.15625,0.49448123620309054
GAG,28,14.15625,1.9779249448123621
GAT,9,14.15625,0.6357615894039735
GCA,14,14.15625,0.9889624724061811
GCC,17,14.15625,1.2008830022075054
GCG,8,14.15625,0.565121412803532
GCT,17,14.15625,1.2008830022075054
GGA,29,14.15625,2.0485651214128033
GGC,12,14.15625,0.847682119205298
GGG,31,14.15625,2.1898454746136866
GGT,18,14.15625,1.271523178807947
GTA,5,14.15625,0.35320088300220753
GTC,12,14.15625,0.847682119205298
GTG,24,14.15625,1.695364238410596
GTT,8,14.15625,0.565121412803532
TAA,10,14.15625,0.7064017660044151
TAC,3,14.15625,0.2119205298013245
TAG,12,14.15625,0.847682119205298
TAT,12,14.15625,0.847682119205298
TCA,12,14.15625,0.847682119205298
TCC,21,14.15625,1.4834437086092715
TCG,2,14.15625,0.141280353200883
TCT,30,14.15625,2.119205298013245
TGA,24,14.15625,1.695364238410596
TGC,29,14.15625,2.0485651214128033
TGG,21,14.15625,1.4834437086092715
TGT,21,14.15625,1.4834437086092715
TTA,8,14.15625,0.565121412803532
TTC,15,14.15625,1.0596026490066226
TTG,14,14.15625,0.9889624724061811
TTT,14,14.15625,0.9889624724061811
