Motif,Observed,Expected,Enrichment
AAA,22,24.828125,0.8860918816865954
AAC,15,24.828125,0.604153555695406
AAG,41,24.828125,1.6513530522341096
AAT,13,24.828125,0.5235997482693517
ACA,15,24.828125,0.604153555695406
ACC,26,24.828125,1.0471994965387035
ACG,9,24.828125,0.36249213341724357
ACT,12,24.828125,0.48332284455632474
AGA,47,24.828125,1.893014474512272
AGC,27,24.828125,1.0874764002517308
AGG,69,24.828125,2.7791063561988674
AGT,17,24.828125,0.6847073631214601
ATA,16,24.828125,0.644430459408433
ATC,17,24.828125,0.6847073631214601
ATG,17,24.828125,0.6847073631214601
ATT,17,24.828125,0.6847073631214601
CAA,26,24.828125,1.0471994965387035
CAC,33,24.828125,1.329137822529893
CAG,48,24.828125,1.933291378225299
CAT,38,24.828125,1.5305223410950284
CCA,38,24.828125,1.5305223410950284
CCC,38,24.828125,1.5305223410950284
CCG,12,24.828125,0.48332284455632474
CCT,40,24.828125,1.6110761485210825
CGA,12,24.828125,0.48332284455632474
CGC,7,24.828125,0.28193832599118945
CGG,23,24.828125,0.9263687853996224
CGT,6,24.828125,0.24166142227816237
CTA,21,24.828125,0.8458149779735683
CTC,28,24.828125,1.1277533039647578
CTG,51,24.828125,2.05412208936438
CTT,35,24.828125,1.4096916299559472
GAA,23,24.828125,0.9263687853996224
GAC,8,24.828125,0.3222152297042165
GAG,33,24.828125,1.329137822529893
GAT,17,24.828125,0.6847073631214601
GCA,25,24.828125,1.0069225928256764
GCC,38,24.828125,1.5305223410950284
GCG,20,24.828125,0.8055380742605412
GCT,31,24.828125,1.248584015103839
GGA,25,24.828125,1.0069225928256764
GGC,26,24.828125,1.0471994965387035
GGG,42,24.828125,1.6916299559471366
GGT,30,24.828125,1.208307111390812
GTA,11,24.828125,0.4430459408432977
GTC,22,24.828125,0.8860918816865954
GTG,55,24.828125,2.2152297042164886
GTT,24,24.828125,0.9666456891126495
TAA,15,24.828125,0.604153555695406
TAC,3,24.828125,0.12083071113908118
TAG,11,24.828125,0.4430459408432977
TAT,17,24.828125,0.6847073631214601
TCA,20,24.828125,0.8055380742605412
TCC,23,24.828125,0.9263687853996224
TCG,2,24.828125,0.08055380742605413
TCT,31,24.828125,1.248584015103839
TGA,24,24.828125,0.9666456891126495
TGC,34,24.828125,1.3694147262429202
TGG,37,24.828125,1.4902454373820013
TGT,29,24.828125,1.1680302076777849
TTA,8,24.828125,0.3222152297042165
TTC,27,24.828125,1.0874764002517308
TTG,14,24.828125,0.5638766519823789
TTT,28,24.828125,1.1277533039647578
