Motif,Observed,Expected,Enrichment
AAA,14,14.15625,0.9889624724061811
AAC,9,14.15625,0.6357615894039735
AAG,21,14.15625,1.4834437086092715
AAT,9,14.15625,0.6357615894039735
ACA,10,14.15625,0.7064017660044151
ACC,14,14.15625,0.9889624724061811
ACG,6,14.15625,0.423841059602649
ACT,9,14.15625,0.6357615894039735
AGA,31,14.15625,2.1898454746136866
AGC,20,14.15625,1.4128035320088301
AGG,36,14.15625,2.543046357615894
AGT,8,14.15625,0.565121412803532
ATA,14,14.15625,0.9889624724061811
ATC,9,14.15625,0.6357615894039735
ATG,14,14.15625,0.9889624724061811
ATT,13,14.15625,0.9183222958057395
CAA,15,14.15625,1.0596026490066226
CAC,18,14.15625,1.271523178807947
CAG,26,14.15625,1.836644591611479
CAT,27,14.15625,1.9072847682119205
CCA,25,14.15625,1.7660044150110374
CCC,24,14.15625,1.695364238410596
CCG,6,14.15625,0.423841059602649
CCT,24,14.15625,1.695364238410596
CGA,7,14.15625,0.49448123620309054
CGC,3,14.15625,0.2119205298013245
CGG,16,14.15625,1.130242825607064
CGT,2,14.15625,0.141280353200883
CTA,14,14.15625,0.9889624724061811
CTC,20,14.15625,1.4128035320088301
CTG,20,14.15625,1.4128035320088301
CTT,26,14.15625,1.836644591611479
GAA,13,14.15625,0.9183222958057395
GAC,3,14.15625,0.2119205298013245
GAG,18,14.15625,1.271523178807947
GAT,11,14.15625,0.7770419426048565
GCA,13,14.15625,0.9183222958057395
GCC,18,14.15625,1.271523178807947
GCG,7,14.15625,0.49448123620309054
GCT,15,14.15625,1.0596026490066226
GGA,12,14.15625,0.847682119205298
GGC,12,14.15625,0.847682119205298
GGG,18,14.15625,1.271523178807947
GGT,17,14.15625,1.2008830022075054
GTA,3,14.15625,0.2119205298013245
GTC,11,14.15625,0.7770419426048565
GTG,23,14.15625,1.6247240618101546
GTT,13,14.15625,0.9183222958057395
TAA,9,14.15625,0.6357615894039735
TAC,3,14.15625,0.2119205298013245
TAG,8,14.15625,0.565121412803532
TAT,10,14.15625,0.7064017660044151
TCA,14,14.15625,0.9889624724061811
TCC,15,14.15625,1.0596026490066226
TCG,2,14.15625,0.141280353200883
TCT,19,14.15625,1.3421633554083885
TGA,16,14.15625,1.130242825607064
TGC,18,14.15625,1.271523178807947
TGG,19,14.15625,1.3421633554083885
TGT,18,14.15625,1.271523178807947
TTA,6,14.15625,0.423841059602649
TTC,12,14.15625,0.847682119205298
TTG,5,14.15625,0.35320088300220753
TTT,15,14.15625,1.0596026490066226
