Motif,Observed,Expected,Enrichment
AAA,8,20.890625,0.38294689603590126
AAC,14,20.890625,0.6701570680628273
AAG,18,20.890625,0.8616305160807779
AAT,16,20.890625,0.7658937920718025
ACA,13,20.890625,0.6222887060583395
ACC,25,20.890625,1.1967090501121915
ACG,11,20.890625,0.5265519820493643
ACT,13,20.890625,0.6222887060583395
AGA,28,20.890625,1.3403141361256545
AGC,29,20.890625,1.388182498130142
AGG,24,20.890625,1.1488406881077038
AGT,21,20.890625,1.0052356020942408
ATA,4,20.890625,0.19147344801795063
ATC,12,20.890625,0.5744203440538519
ATG,20,20.890625,0.9573672400897532
ATT,14,20.890625,0.6701570680628273
CAA,27,20.890625,1.2924457741211668
CAC,39,20.890625,1.8668661181750188
CAG,32,20.890625,1.531787584143605
CAT,21,20.890625,1.0052356020942408
CCA,45,20.890625,2.1540762902019446
CCC,41,20.890625,1.962602842183994
CCG,20,20.890625,0.9573672400897532
CCT,30,20.890625,1.4360508601346298
CGA,6,20.890625,0.28721017202692595
CGC,21,20.890625,1.0052356020942408
CGG,21,20.890625,1.0052356020942408
CGT,11,20.890625,0.5265519820493643
CTA,8,20.890625,0.38294689603590126
CTC,36,20.890625,1.7232610321615558
CTG,35,20.890625,1.675392670157068
CTT,10,20.890625,0.4786836200448766
GAA,22,20.890625,1.0531039640987285
GAC,21,20.890625,1.0052356020942408
GAG,30,20.890625,1.4360508601346298
GAT,25,20.890625,1.1967090501121915
GCA,24,20.890625,1.1488406881077038
GCC,39,20.890625,1.8668661181750188
GCG,15,20.890625,0.7180254300673149
GCT,30,20.890625,1.4360508601346298
GGA,35,20.890625,1.675392670157068
GGC,29,20.890625,1.388182498130142
GGG,35,20.890625,1.675392670157068
GGT,15,20.890625,0.7180254300673149
GTA,3,20.890625,0.14360508601346297
GTC,13,20.890625,0.6222887060583395
GTG,31,20.890625,1.4839192221391175
GTT,10,20.890625,0.4786836200448766
TAA,6,20.890625,0.28721017202692595
TAC,7,20.890625,0.33507853403141363
TAG,4,20.890625,0.19147344801795063
TAT,5,20.890625,0.2393418100224383
TCA,16,20.890625,0.7658937920718025
TCC,33,20.890625,1.5796559461480928
TCG,14,20.890625,0.6701570680628273
TCT,29,20.890625,1.388182498130142
TGA,28,20.890625,1.3403141361256545
TGC,26,20.890625,1.244577412116679
TGG,33,20.890625,1.5796559461480928
TGT,29,20.890625,1.388182498130142
TTA,7,20.890625,0.33507853403141363
TTC,26,20.890625,1.244577412116679
TTG,20,20.890625,0.9573672400897532
TTT,4,20.890625,0.19147344801795063
