Motif,Observed,Expected,Enrichment
AAA,6,13.859375,0.43291995490417134
AAC,9,13.859375,0.649379932356257
AAG,17,13.859375,1.2266065388951521
AAT,10,13.859375,0.7215332581736189
ACA,9,13.859375,0.649379932356257
ACC,19,13.859375,1.370913190529876
ACG,8,13.859375,0.5772266065388951
ACT,8,13.859375,0.5772266065388951
AGA,14,13.859375,1.0101465614430665
AGC,23,13.859375,1.6595264937993235
AGG,18,13.859375,1.298759864712514
AGT,15,13.859375,1.0822998872604284
ATA,2,13.859375,0.14430665163472378
ATC,10,13.859375,0.7215332581736189
ATG,15,13.859375,1.0822998872604284
ATT,9,13.859375,0.649379932356257
CAA,14,13.859375,1.0101465614430665
CAC,28,13.859375,2.020293122886133
CAG,24,13.859375,1.7316798196166854
CAT,14,13.859375,1.0101465614430665
CCA,26,13.859375,1.8759864712514092
CCC,29,13.859375,2.092446448703495
CCG,14,13.859375,1.0101465614430665
CCT,18,13.859375,1.298759864712514
CGA,4,13.859375,0.28861330326944756
CGC,15,13.859375,1.0822998872604284
CGG,14,13.859375,1.0101465614430665
CGT,5,13.859375,0.36076662908680945
CTA,5,13.859375,0.36076662908680945
CTC,26,13.859375,1.8759864712514092
CTG,22,13.859375,1.5873731679819616
CTT,7,13.859375,0.5050732807215332
GAA,15,13.859375,1.0822998872604284
GAC,14,13.859375,1.0101465614430665
GAG,19,13.859375,1.370913190529876
GAT,18,13.859375,1.298759864712514
GCA,17,13.859375,1.2266065388951521
GCC,30,13.859375,2.1645997745208567
GCG,12,13.859375,0.8658399098083427
GCT,23,13.859375,1.6595264937993235
GGA,20,13.859375,1.4430665163472378
GGC,17,13.859375,1.2266065388951521
GGG,16,13.859375,1.1544532130777903
GGT,8,13.859375,0.5772266065388951
GTA,3,13.859375,0.21645997745208567
GTC,10,13.859375,0.7215332581736189
GTG,16,13.859375,1.1544532130777903
GTT,8,13.859375,0.5772266065388951
TAA,5,13.859375,0.36076662908680945
TAC,2,13.859375,0.14430665163472378
TAG,3,13.859375,0.21645997745208567
TAT,3,13.859375,0.21645997745208567
TCA,11,13.859375,0.7936865839909808
TCC,23,13.859375,1.6595264937993235
TCG,7,13.859375,0.5050732807215332
TCT,18,13.859375,1.298759864712514
TGA,17,13.859375,1.2266065388951521
TGC,19,13.859375,1.370913190529876
TGG,21,13.859375,1.5152198421645997
TGT,14,13.859375,1.0101465614430665
TTA,6,13.859375,0.43291995490417134
TTC,18,13.859375,1.298759864712514
TTG,13,13.859375,0.9379932356257046
TTT,4,13.859375,0.28861330326944756
