Motif,Observed,Expected,Enrichment
AAA,20,20.890625,0.9573672400897532
AAC,12,20.890625,0.5744203440538519
AAG,27,20.890625,1.2924457741211668
AAT,18,20.890625,0.8616305160807779
ACA,11,20.890625,0.5265519820493643
ACC,23,20.890625,1.100972326103216
ACG,12,20.890625,0.5744203440538519
ACT,4,20.890625,0.19147344801795063
AGA,33,20.890625,1.5796559461480928
AGC,22,20.890625,1.0531039640987285
AGG,35,20.890625,1.675392670157068
AGT,13,20.890625,0.6222887060583395
ATA,5,20.890625,0.2393418100224383
ATC,13,20.890625,0.6222887060583395
ATG,19,20.890625,0.9094988780852655
ATT,16,20.890625,0.7658937920718025
CAA,28,20.890625,1.3403141361256545
CAC,50,20.890625,2.393418100224383
CAG,40,20.890625,1.9147344801795063
CAT,22,20.890625,1.0531039640987285
CCA,38,20.890625,1.818997756170531
CCC,42,20.890625,2.0104712041884816
CCG,24,20.890625,1.1488406881077038
CCT,34,20.890625,1.6275243081525803
CGA,21,20.890625,1.0052356020942408
CGC,17,20.890625,0.8137621540762902
CGG,25,20.890625,1.1967090501121915
CGT,8,20.890625,0.38294689603590126
CTA,8,20.890625,0.38294689603590126
CTC,22,20.890625,1.0531039640987285
CTG,47,20.890625,2.24981301421092
CTT,17,20.890625,0.8137621540762902
GAA,25,20.890625,1.1967090501121915
GAC,15,20.890625,0.7180254300673149
GAG,18,20.890625,0.8616305160807779
GAT,19,20.890625,0.9094988780852655
GCA,13,20.890625,0.6222887060583395
GCC,21,20.890625,1.0052356020942408
GCG,18,20.890625,0.8616305160807779
GCT,32,20.890625,1.531787584143605
GGA,20,20.890625,0.9573672400897532
GGC,21,20.890625,1.0052356020942408
GGG,42,20.890625,2.0104712041884816
GGT,14,20.890625,0.6701570680628273
GTA,4,20.890625,0.19147344801795063
GTC,14,20.890625,0.6701570680628273
GTG,32,20.890625,1.531787584143605
GTT,14,20.890625,0.6701570680628273
TAA,7,20.890625,0.33507853403141363
TAC,9,20.890625,0.43081525804038895
TAG,17,20.890625,0.8137621540762902
TAT,4,20.890625,0.19147344801795063
TCA,12,20.890625,0.5744203440538519
TCC,29,20.890625,1.388182498130142
TCG,7,20.890625,0.33507853403141363
TCT,22,20.890625,1.0531039640987285
TGA,40,20.890625,1.9147344801795063
TGC,32,20.890625,1.531787584143605
TGG,35,20.890625,1.675392670157068
TGT,28,20.890625,1.3403141361256545
TTA,12,20.890625,0.5744203440538519
TTC,15,20.890625,0.7180254300673149
TTG,11,20.890625,0.5265519820493643
TTT,9,20.890625,0.43081525804038895
