Motif,Observed,Expected,Enrichment
AAA,11,13.859375,0.7936865839909808
AAC,7,13.859375,0.5050732807215332
AAG,19,13.859375,1.370913190529876
AAT,8,13.859375,0.5772266065388951
ACA,7,13.859375,0.5050732807215332
ACC,15,13.859375,1.0822998872604284
ACG,8,13.859375,0.5772266065388951
ACT,4,13.859375,0.28861330326944756
AGA,19,13.859375,1.370913190529876
AGC,15,13.859375,1.0822998872604284
AGG,24,13.859375,1.7316798196166854
AGT,11,13.859375,0.7936865839909808
ATA,3,13.859375,0.21645997745208567
ATC,11,13.859375,0.7936865839909808
ATG,12,13.859375,0.8658399098083427
ATT,11,13.859375,0.7936865839909808
CAA,17,13.859375,1.2266065388951521
CAC,34,13.859375,2.4532130777903043
CAG,21,13.859375,1.5152198421645997
CAT,16,13.859375,1.1544532130777903
CCA,23,13.859375,1.6595264937993235
CCC,33,13.859375,2.3810597519729426
CCG,14,13.859375,1.0101465614430665
CCT,24,13.859375,1.7316798196166854
CGA,19,13.859375,1.370913190529876
CGC,15,13.859375,1.0822998872604284
CGG,16,13.859375,1.1544532130777903
CGT,4,13.859375,0.28861330326944756
CTA,7,13.859375,0.5050732807215332
CTC,14,13.859375,1.0101465614430665
CTG,22,13.859375,1.5873731679819616
CTT,12,13.859375,0.8658399098083427
GAA,19,13.859375,1.370913190529876
GAC,12,13.859375,0.8658399098083427
GAG,14,13.859375,1.0101465614430665
GAT,17,13.859375,1.2266065388951521
GCA,9,13.859375,0.649379932356257
GCC,11,13.859375,0.7936865839909808
GCG,10,13.859375,0.7215332581736189
GCT,19,13.859375,1.370913190529876
GGA,14,13.859375,1.0101465614430665
GGC,13,13.859375,0.9379932356257046
GGG,29,13.859375,2.092446448703495
GGT,10,13.859375,0.7215332581736189
GTA,3,13.859375,0.21645997745208567
GTC,8,13.859375,0.5772266065388951
GTG,24,13.859375,1.7316798196166854
GTT,11,13.859375,0.7936865839909808
TAA,5,13.859375,0.36076662908680945
TAC,4,13.859375,0.28861330326944756
TAG,12,13.859375,0.8658399098083427
TAT,1,13.859375,0.07215332581736189
TCA,6,13.859375,0.43291995490417134
TCC,19,13.859375,1.370913190529876
TCG,4,13.859375,0.28861330326944756
TCT,20,13.859375,1.4430665163472378
TGA,22,13.859375,1.5873731679819616
TGC,21,13.859375,1.5152198421645997
TGG,22,13.859375,1.5873731679819616
TGT,19,13.859375,1.370913190529876
TTA,9,13.859375,0.649379932356257
TTC,9,13.859375,0.649379932356257
TTG,9,13.859375,0.649379932356257
TTT,6,13.859375,0.43291995490417134
