Motif,Observed,Expected,Enrichment
AAA,37.0,13.078125,2.829151732377539
AAC,18.0,13.078125,1.3763440860215055
AAG,13.0,13.078125,0.994026284348865
AAT,26.0,13.078125,1.98805256869773
ACA,14.0,13.078125,1.070489844683393
ACC,16.0,13.078125,1.2234169653524491
ACG,4.0,13.078125,0.3058542413381123
ACT,16.0,13.078125,1.2234169653524491
AGA,14.0,13.078125,1.070489844683393
AGC,10.0,13.078125,0.7646356033452808
AGG,13.0,13.078125,0.994026284348865
AGT,13.0,13.078125,0.994026284348865
ATA,14.0,13.078125,1.070489844683393
ATC,14.0,13.078125,1.070489844683393
ATG,11.0,13.078125,0.8410991636798089
ATT,17.0,13.078125,1.2998805256869772
CAA,16.0,13.078125,1.2234169653524491
CAC,12.0,13.078125,0.9175627240143369
CAG,18.0,13.078125,1.3763440860215055
CAT,18.0,13.078125,1.3763440860215055
CCA,19.0,13.078125,1.4528076463560335
CCC,17.0,13.078125,1.2998805256869772
CCG,3.0,13.078125,0.22939068100358423
CCT,19.0,13.078125,1.4528076463560335
CGA,3.0,13.078125,0.22939068100358423
CGC,5.0,13.078125,0.3823178016726404
CGG,1.0,13.078125,0.07646356033452807
CGT,0.0,13.078125,0.0
CTA,12.0,13.078125,0.9175627240143369
CTC,13.0,13.078125,0.994026284348865
CTG,17.0,13.078125,1.2998805256869772
CTT,15.0,13.078125,1.146953405017921
GAA,11.0,13.078125,0.8410991636798089
GAC,9.0,13.078125,0.6881720430107527
GAG,19.0,13.078125,1.4528076463560335
GAT,9.0,13.078125,0.6881720430107527
GCA,8.0,13.078125,0.6117084826762246
GCC,14.0,13.078125,1.070489844683393
GCG,2.0,13.078125,0.15292712066905614
GCT,9.0,13.078125,0.6881720430107527
GGA,16.0,13.078125,1.2234169653524491
GGC,14.0,13.078125,1.070489844683393
GGG,11.0,13.078125,0.8410991636798089
GGT,5.0,13.078125,0.3823178016726404
GTA,6.0,13.078125,0.45878136200716846
GTC,13.0,13.078125,0.994026284348865
GTG,12.0,13.078125,0.9175627240143369
GTT,3.0,13.078125,0.22939068100358423
TAA,14.0,13.078125,1.070489844683393
TAC,15.0,13.078125,1.146953405017921
TAG,14.0,13.078125,1.070489844683393
TAT,16.0,13.078125,1.2234169653524491
TCA,17.0,13.078125,1.2998805256869772
TCC,10.0,13.078125,0.7646356033452808
TCG,0.0,13.078125,0.0
TCT,15.0,13.078125,1.146953405017921
TGA,15.0,13.078125,1.146953405017921
TGC,8.0,13.078125,0.6117084826762246
TGG,21.0,13.078125,1.6057347670250897
TGT,21.0,13.078125,1.6057347670250897
TTA,19.0,13.078125,1.4528076463560335
TTC,19.0,13.078125,1.4528076463560335
TTG,10.0,13.078125,0.7646356033452808
TTT,24.0,13.078125,1.8351254480286738
