Motif,Observed,Expected,Enrichment
AAA,30.0,13.09375,2.2911694510739857
AAC,14.0,13.09375,1.0692124105011933
AAG,14.0,13.09375,1.0692124105011933
AAT,18.0,13.09375,1.3747016706443913
ACA,16.0,13.09375,1.2219570405727924
ACC,13.0,13.09375,0.9928400954653938
ACG,1.0,13.09375,0.07637231503579953
ACT,9.0,13.09375,0.6873508353221957
AGA,27.0,13.09375,2.0620525059665873
AGC,10.0,13.09375,0.7637231503579952
AGG,21.0,13.09375,1.60381861575179
AGT,8.0,13.09375,0.6109785202863962
ATA,22.0,13.09375,1.6801909307875895
ATC,11.0,13.09375,0.8400954653937948
ATG,8.0,13.09375,0.6109785202863962
ATT,23.0,13.09375,1.756563245823389
CAA,14.0,13.09375,1.0692124105011933
CAC,13.0,13.09375,0.9928400954653938
CAG,15.0,13.09375,1.1455847255369929
CAT,19.0,13.09375,1.4510739856801909
CCA,19.0,13.09375,1.4510739856801909
CCC,12.0,13.09375,0.9164677804295943
CCG,3.0,13.09375,0.22911694510739858
CCT,12.0,13.09375,0.9164677804295943
CGA,0.0,13.09375,0.0
CGC,1.0,13.09375,0.07637231503579953
CGG,4.0,13.09375,0.3054892601431981
CGT,1.0,13.09375,0.07637231503579953
CTA,10.0,13.09375,0.7637231503579952
CTC,15.0,13.09375,1.1455847255369929
CTG,14.0,13.09375,1.0692124105011933
CTT,15.0,13.09375,1.1455847255369929
GAA,12.0,13.09375,0.9164677804295943
GAC,9.0,13.09375,0.6873508353221957
GAG,22.0,13.09375,1.6801909307875895
GAT,11.0,13.09375,0.8400954653937948
GCA,13.0,13.09375,0.9928400954653938
GCC,13.0,13.09375,0.9928400954653938
GCG,0.0,13.09375,0.0
GCT,13.0,13.09375,0.9928400954653938
GGA,15.0,13.09375,1.1455847255369929
GGC,8.0,13.09375,0.6109785202863962
GGG,13.0,13.09375,0.9928400954653938
GGT,5.0,13.09375,0.3818615751789976
GTA,7.0,13.09375,0.5346062052505967
GTC,12.0,13.09375,0.9164677804295943
GTG,11.0,13.09375,0.8400954653937948
GTT,8.0,13.09375,0.6109785202863962
TAA,22.0,13.09375,1.6801909307875895
TAC,19.0,13.09375,1.4510739856801909
TAG,12.0,13.09375,0.9164677804295943
TAT,19.0,13.09375,1.4510739856801909
TCA,23.0,13.09375,1.756563245823389
TCC,11.0,13.09375,0.8400954653937948
TCG,4.0,13.09375,0.3054892601431981
TCT,18.0,13.09375,1.3747016706443913
TGA,18.0,13.09375,1.3747016706443913
TGC,13.0,13.09375,0.9928400954653938
TGG,17.0,13.09375,1.298329355608592
TGT,15.0,13.09375,1.1455847255369929
TTA,13.0,13.09375,0.9928400954653938
TTC,21.0,13.09375,1.60381861575179
TTG,9.0,13.09375,0.6873508353221957
TTT,20.0,13.09375,1.5274463007159904
