Motif,Observed,Expected,Enrichment
AAA,1.0,3.140625,0.31840796019900497
AAC,4.0,3.140625,1.2736318407960199
AAG,5.0,3.140625,1.592039800995025
AAT,1.0,3.140625,0.31840796019900497
ACA,3.0,3.140625,0.9552238805970149
ACC,5.0,3.140625,1.592039800995025
ACG,0.0,3.140625,0.0
ACT,2.0,3.140625,0.6368159203980099
AGA,4.0,3.140625,1.2736318407960199
AGC,4.0,3.140625,1.2736318407960199
AGG,9.0,3.140625,2.8656716417910446
AGT,3.0,3.140625,0.9552238805970149
ATA,0.0,3.140625,0.0
ATC,0.0,3.140625,0.0
ATG,4.0,3.140625,1.2736318407960199
ATT,3.0,3.140625,0.9552238805970149
CAA,0.0,3.140625,0.0
CAC,2.0,3.140625,0.6368159203980099
CAG,9.0,3.140625,2.8656716417910446
CAT,6.0,3.140625,1.9104477611940298
CCA,1.0,3.140625,0.31840796019900497
CCC,2.0,3.140625,0.6368159203980099
CCG,0.0,3.140625,0.0
CCT,4.0,3.140625,1.2736318407960199
CGA,0.0,3.140625,0.0
CGC,1.0,3.140625,0.31840796019900497
CGG,1.0,3.140625,0.31840796019900497
CGT,1.0,3.140625,0.31840796019900497
CTA,4.0,3.140625,1.2736318407960199
CTC,4.0,3.140625,1.2736318407960199
CTG,9.0,3.140625,2.8656716417910446
CTT,4.0,3.140625,1.2736318407960199
GAA,6.0,3.140625,1.9104477611940298
GAC,2.0,3.140625,0.6368159203980099
GAG,4.0,3.140625,1.2736318407960199
GAT,3.0,3.140625,0.9552238805970149
GCA,4.0,3.140625,1.2736318407960199
GCC,4.0,3.140625,1.2736318407960199
GCG,2.0,3.140625,0.6368159203980099
GCT,8.0,3.140625,2.5472636815920398
GGA,2.0,3.140625,0.6368159203980099
GGC,2.0,3.140625,0.6368159203980099
GGG,5.0,3.140625,1.592039800995025
GGT,5.0,3.140625,1.592039800995025
GTA,1.0,3.140625,0.31840796019900497
GTC,1.0,3.140625,0.31840796019900497
GTG,7.0,3.140625,2.228855721393035
GTT,2.0,3.140625,0.6368159203980099
TAA,2.0,3.140625,0.6368159203980099
TAC,0.0,3.140625,0.0
TAG,0.0,3.140625,0.0
TAT,2.0,3.140625,0.6368159203980099
TCA,3.0,3.140625,0.9552238805970149
TCC,6.0,3.140625,1.9104477611940298
TCG,0.0,3.140625,0.0
TCT,7.0,3.140625,2.228855721393035
TGA,5.0,3.140625,1.592039800995025
TGC,7.0,3.140625,2.228855721393035
TGG,4.0,3.140625,1.2736318407960199
TGT,3.0,3.140625,0.9552238805970149
TTA,0.0,3.140625,0.0
TTC,3.0,3.140625,0.9552238805970149
TTG,2.0,3.140625,0.6368159203980099
TTT,3.0,3.140625,0.9552238805970149
