Motif,Observed,Expected,Enrichment
AAA,4.0,6.5625,0.6095238095238096
AAC,5.0,6.5625,0.7619047619047619
AAG,9.0,6.5625,1.3714285714285714
AAT,1.0,6.5625,0.1523809523809524
ACA,7.0,6.5625,1.0666666666666667
ACC,7.0,6.5625,1.0666666666666667
ACG,1.0,6.5625,0.1523809523809524
ACT,6.0,6.5625,0.9142857142857143
AGA,9.0,6.5625,1.3714285714285714
AGC,8.0,6.5625,1.2190476190476192
AGG,11.0,6.5625,1.6761904761904762
AGT,5.0,6.5625,0.7619047619047619
ATA,2.0,6.5625,0.3047619047619048
ATC,3.0,6.5625,0.45714285714285713
ATG,13.0,6.5625,1.980952380952381
ATT,3.0,6.5625,0.45714285714285713
CAA,2.0,6.5625,0.3047619047619048
CAC,5.0,6.5625,0.7619047619047619
CAG,15.0,6.5625,2.2857142857142856
CAT,9.0,6.5625,1.3714285714285714
CCA,5.0,6.5625,0.7619047619047619
CCC,8.0,6.5625,1.2190476190476192
CCG,0.0,6.5625,0.0
CCT,10.0,6.5625,1.5238095238095237
CGA,2.0,6.5625,0.3047619047619048
CGC,2.0,6.5625,0.3047619047619048
CGG,5.0,6.5625,0.7619047619047619
CGT,4.0,6.5625,0.6095238095238096
CTA,7.0,6.5625,1.0666666666666667
CTC,8.0,6.5625,1.2190476190476192
CTG,14.0,6.5625,2.1333333333333333
CTT,9.0,6.5625,1.3714285714285714
GAA,13.0,6.5625,1.980952380952381
GAC,3.0,6.5625,0.45714285714285713
GAG,10.0,6.5625,1.5238095238095237
GAT,3.0,6.5625,0.45714285714285713
GCA,6.0,6.5625,0.9142857142857143
GCC,11.0,6.5625,1.6761904761904762
GCG,4.0,6.5625,0.6095238095238096
GCT,10.0,6.5625,1.5238095238095237
GGA,9.0,6.5625,1.3714285714285714
GGC,6.0,6.5625,0.9142857142857143
GGG,11.0,6.5625,1.6761904761904762
GGT,10.0,6.5625,1.5238095238095237
GTA,4.0,6.5625,0.6095238095238096
GTC,3.0,6.5625,0.45714285714285713
GTG,10.0,6.5625,1.5238095238095237
GTT,7.0,6.5625,1.0666666666666667
TAA,5.0,6.5625,0.7619047619047619
TAC,2.0,6.5625,0.3047619047619048
TAG,2.0,6.5625,0.3047619047619048
TAT,3.0,6.5625,0.45714285714285713
TCA,5.0,6.5625,0.7619047619047619
TCC,8.0,6.5625,1.2190476190476192
TCG,0.0,6.5625,0.0
TCT,12.0,6.5625,1.8285714285714285
TGA,10.0,6.5625,1.5238095238095237
TGC,15.0,6.5625,2.2857142857142856
TGG,15.0,6.5625,2.2857142857142856
TGT,8.0,6.5625,1.2190476190476192
TTA,2.0,6.5625,0.3047619047619048
TTC,7.0,6.5625,1.0666666666666667
TTG,4.0,6.5625,0.6095238095238096
TTT,3.0,6.5625,0.45714285714285713
