Motif,Observed,Expected,Enrichment
AAA,8.0,6.5625,1.2190476190476192
AAC,6.0,6.5625,0.9142857142857143
AAG,16.0,6.5625,2.4380952380952383
AAT,2.0,6.5625,0.3047619047619048
ACA,5.0,6.5625,0.7619047619047619
ACC,3.0,6.5625,0.45714285714285713
ACG,2.0,6.5625,0.3047619047619048
ACT,0.0,6.5625,0.0
AGA,12.0,6.5625,1.8285714285714285
AGC,8.0,6.5625,1.2190476190476192
AGG,20.0,6.5625,3.0476190476190474
AGT,9.0,6.5625,1.3714285714285714
ATA,6.0,6.5625,0.9142857142857143
ATC,6.0,6.5625,0.9142857142857143
ATG,4.0,6.5625,0.6095238095238096
ATT,8.0,6.5625,1.2190476190476192
CAA,6.0,6.5625,0.9142857142857143
CAC,6.0,6.5625,0.9142857142857143
CAG,7.0,6.5625,1.0666666666666667
CAT,13.0,6.5625,1.980952380952381
CCA,9.0,6.5625,1.3714285714285714
CCC,7.0,6.5625,1.0666666666666667
CCG,6.0,6.5625,0.9142857142857143
CCT,12.0,6.5625,1.8285714285714285
CGA,5.0,6.5625,0.7619047619047619
CGC,4.0,6.5625,0.6095238095238096
CGG,1.0,6.5625,0.1523809523809524
CGT,1.0,6.5625,0.1523809523809524
CTA,2.0,6.5625,0.3047619047619048
CTC,12.0,6.5625,1.8285714285714285
CTG,13.0,6.5625,1.980952380952381
CTT,6.0,6.5625,0.9142857142857143
GAA,8.0,6.5625,1.2190476190476192
GAC,4.0,6.5625,0.6095238095238096
GAG,12.0,6.5625,1.8285714285714285
GAT,5.0,6.5625,0.7619047619047619
GCA,3.0,6.5625,0.45714285714285713
GCC,3.0,6.5625,0.45714285714285713
GCG,4.0,6.5625,0.6095238095238096
GCT,6.0,6.5625,0.9142857142857143
GGA,12.0,6.5625,1.8285714285714285
GGC,17.0,6.5625,2.5904761904761906
GGG,11.0,6.5625,1.6761904761904762
GGT,9.0,6.5625,1.3714285714285714
GTA,2.0,6.5625,0.3047619047619048
GTC,4.0,6.5625,0.6095238095238096
GTG,9.0,6.5625,1.3714285714285714
GTT,1.0,6.5625,0.1523809523809524
TAA,4.0,6.5625,0.6095238095238096
TAC,3.0,6.5625,0.45714285714285713
TAG,3.0,6.5625,0.45714285714285713
TAT,3.0,6.5625,0.45714285714285713
TCA,4.0,6.5625,0.6095238095238096
TCC,11.0,6.5625,1.6761904761904762
TCG,0.0,6.5625,0.0
TCT,9.0,6.5625,1.3714285714285714
TGA,7.0,6.5625,1.0666666666666667
TGC,8.0,6.5625,1.2190476190476192
TGG,10.0,6.5625,1.5238095238095237
TGT,9.0,6.5625,1.3714285714285714
TTA,1.0,6.5625,0.1523809523809524
TTC,6.0,6.5625,0.9142857142857143
TTG,3.0,6.5625,0.45714285714285713
TTT,4.0,6.5625,0.6095238095238096
