Motif,Observed,Expected,Enrichment
AAA,6.0,3.140625,1.9104477611940298
AAC,3.0,3.140625,0.9552238805970149
AAG,6.0,3.140625,1.9104477611940298
AAT,1.0,3.140625,0.31840796019900497
ACA,3.0,3.140625,0.9552238805970149
ACC,1.0,3.140625,0.31840796019900497
ACG,2.0,3.140625,0.6368159203980099
ACT,0.0,3.140625,0.0
AGA,5.0,3.140625,1.592039800995025
AGC,5.0,3.140625,1.592039800995025
AGG,6.0,3.140625,1.9104477611940298
AGT,5.0,3.140625,1.592039800995025
ATA,4.0,3.140625,1.2736318407960199
ATC,2.0,3.140625,0.6368159203980099
ATG,1.0,3.140625,0.31840796019900497
ATT,5.0,3.140625,1.592039800995025
CAA,3.0,3.140625,0.9552238805970149
CAC,2.0,3.140625,0.6368159203980099
CAG,2.0,3.140625,0.6368159203980099
CAT,8.0,3.140625,2.5472636815920398
CCA,4.0,3.140625,1.2736318407960199
CCC,3.0,3.140625,0.9552238805970149
CCG,4.0,3.140625,1.2736318407960199
CCT,5.0,3.140625,1.592039800995025
CGA,2.0,3.140625,0.6368159203980099
CGC,1.0,3.140625,0.31840796019900497
CGG,0.0,3.140625,0.0
CGT,1.0,3.140625,0.31840796019900497
CTA,0.0,3.140625,0.0
CTC,5.0,3.140625,1.592039800995025
CTG,7.0,3.140625,2.228855721393035
CTT,4.0,3.140625,1.2736318407960199
GAA,2.0,3.140625,0.6368159203980099
GAC,2.0,3.140625,0.6368159203980099
GAG,6.0,3.140625,1.9104477611940298
GAT,4.0,3.140625,1.2736318407960199
GCA,2.0,3.140625,0.6368159203980099
GCC,2.0,3.140625,0.6368159203980099
GCG,0.0,3.140625,0.0
GCT,4.0,3.140625,1.2736318407960199
GGA,7.0,3.140625,2.228855721393035
GGC,6.0,3.140625,1.9104477611940298
GGG,2.0,3.140625,0.6368159203980099
GGT,7.0,3.140625,2.228855721393035
GTA,2.0,3.140625,0.6368159203980099
GTC,2.0,3.140625,0.6368159203980099
GTG,3.0,3.140625,0.9552238805970149
GTT,0.0,3.140625,0.0
TAA,1.0,3.140625,0.31840796019900497
TAC,3.0,3.140625,0.9552238805970149
TAG,0.0,3.140625,0.0
TAT,0.0,3.140625,0.0
TCA,2.0,3.140625,0.6368159203980099
TCC,7.0,3.140625,2.228855721393035
TCG,0.0,3.140625,0.0
TCT,7.0,3.140625,2.228855721393035
TGA,4.0,3.140625,1.2736318407960199
TGC,3.0,3.140625,0.9552238805970149
TGG,7.0,3.140625,2.228855721393035
TGT,5.0,3.140625,1.592039800995025
TTA,0.0,3.140625,0.0
TTC,2.0,3.140625,0.6368159203980099
TTG,0.0,3.140625,0.0
TTT,3.0,3.140625,0.9552238805970149
