Motif,Observed,Expected,Enrichment
AAA,8.0,10.734375,0.745269286754003
AAC,4.0,10.734375,0.3726346433770015
AAG,19.0,10.734375,1.770014556040757
AAT,3.0,10.734375,0.2794759825327511
ACA,14.0,10.734375,1.304221251819505
ACC,6.0,10.734375,0.5589519650655022
ACG,4.0,10.734375,0.3726346433770015
ACT,7.0,10.734375,0.6521106259097526
AGA,16.0,10.734375,1.490538573508006
AGC,11.0,10.734375,1.024745269286754
AGG,27.0,10.734375,2.51528384279476
AGT,11.0,10.734375,1.024745269286754
ATA,5.0,10.734375,0.4657933042212518
ATC,9.0,10.734375,0.8384279475982532
ATG,7.0,10.734375,0.6521106259097526
ATT,17.0,10.734375,1.5836972343522562
CAA,11.0,10.734375,1.024745269286754
CAC,7.0,10.734375,0.6521106259097526
CAG,20.0,10.734375,1.8631732168850073
CAT,11.0,10.734375,1.024745269286754
CCA,12.0,10.734375,1.1179039301310043
CCC,11.0,10.734375,1.024745269286754
CCG,5.0,10.734375,0.4657933042212518
CCT,18.0,10.734375,1.6768558951965065
CGA,5.0,10.734375,0.4657933042212518
CGC,5.0,10.734375,0.4657933042212518
CGG,4.0,10.734375,0.3726346433770015
CGT,5.0,10.734375,0.4657933042212518
CTA,3.0,10.734375,0.2794759825327511
CTC,16.0,10.734375,1.490538573508006
CTG,18.0,10.734375,1.6768558951965065
CTT,10.0,10.734375,0.9315866084425036
GAA,9.0,10.734375,0.8384279475982532
GAC,5.0,10.734375,0.4657933042212518
GAG,18.0,10.734375,1.6768558951965065
GAT,10.0,10.734375,0.9315866084425036
GCA,12.0,10.734375,1.1179039301310043
GCC,12.0,10.734375,1.1179039301310043
GCG,5.0,10.734375,0.4657933042212518
GCT,12.0,10.734375,1.1179039301310043
GGA,20.0,10.734375,1.8631732168850073
GGC,12.0,10.734375,1.1179039301310043
GGG,16.0,10.734375,1.490538573508006
GGT,18.0,10.734375,1.6768558951965065
GTA,4.0,10.734375,0.3726346433770015
GTC,10.0,10.734375,0.9315866084425036
GTG,17.0,10.734375,1.5836972343522562
GTT,9.0,10.734375,0.8384279475982532
TAA,4.0,10.734375,0.3726346433770015
TAC,5.0,10.734375,0.4657933042212518
TAG,6.0,10.734375,0.5589519650655022
TAT,4.0,10.734375,0.3726346433770015
TCA,17.0,10.734375,1.5836972343522562
TCC,19.0,10.734375,1.770014556040757
TCG,0.0,10.734375,0.0
TCT,15.0,10.734375,1.3973799126637554
TGA,11.0,10.734375,1.024745269286754
TGC,18.0,10.734375,1.6768558951965065
TGG,14.0,10.734375,1.304221251819505
TGT,21.0,10.734375,1.9563318777292575
TTA,3.0,10.734375,0.2794759825327511
TTC,10.0,10.734375,0.9315866084425036
TTG,13.0,10.734375,1.2110625909752548
TTT,9.0,10.734375,0.8384279475982532
