Motif,Observed,Expected,Enrichment
AAA,22,22.359375,0.983927323549965
AAC,10,22.359375,0.4472396925227114
AAG,31,22.359375,1.3864430468204052
AAT,6,22.359375,0.26834381551362685
ACA,26,22.359375,1.1628232005590495
ACC,11,22.359375,0.4919636617749825
ACG,11,22.359375,0.4919636617749825
ACT,11,22.359375,0.4919636617749825
AGA,31,22.359375,1.3864430468204052
AGC,27,22.359375,1.2075471698113207
AGG,57,22.359375,2.549266247379455
AGT,25,22.359375,1.1180992313067786
ATA,9,22.359375,0.4025157232704403
ATC,16,22.359375,0.7155835080363382
ATG,16,22.359375,0.7155835080363382
ATT,25,22.359375,1.1180992313067786
CAA,17,22.359375,0.7603074772886094
CAC,14,22.359375,0.6261355695317959
CAG,48,22.359375,2.146750524109015
CAT,16,22.359375,0.7155835080363382
CCA,31,22.359375,1.3864430468204052
CCC,32,22.359375,1.4311670160726764
CCG,11,22.359375,0.4919636617749825
CCT,35,22.359375,1.56533892382949
CGA,9,22.359375,0.4025157232704403
CGC,10,22.359375,0.4472396925227114
CGG,18,22.359375,0.8050314465408805
CGT,9,22.359375,0.4025157232704403
CTA,10,22.359375,0.4472396925227114
CTC,33,22.359375,1.4758909853249476
CTG,37,22.359375,1.654786862334032
CTT,21,22.359375,0.939203354297694
GAA,24,22.359375,1.0733752620545074
GAC,11,22.359375,0.4919636617749825
GAG,31,22.359375,1.3864430468204052
GAT,16,22.359375,0.7155835080363382
GCA,31,22.359375,1.3864430468204052
GCC,28,22.359375,1.2522711390635919
GCG,15,22.359375,0.6708595387840671
GCT,24,22.359375,1.0733752620545074
GGA,45,22.359375,2.0125786163522013
GGC,35,22.359375,1.56533892382949
GGG,35,22.359375,1.56533892382949
GGT,33,22.359375,1.4758909853249476
GTA,8,22.359375,0.3577917540181691
GTC,24,22.359375,1.0733752620545074
GTG,39,22.359375,1.7442348008385744
GTT,21,22.359375,0.939203354297694
TAA,10,22.359375,0.4472396925227114
TAC,10,22.359375,0.4472396925227114
TAG,12,22.359375,0.5366876310272537
TAT,8,22.359375,0.3577917540181691
TCA,23,22.359375,1.0286512928022362
TCC,25,22.359375,1.1180992313067786
TCG,2,22.359375,0.08944793850454227
TCT,33,22.359375,1.4758909853249476
TGA,27,22.359375,1.2075471698113207
TGC,39,22.359375,1.7442348008385744
TGG,36,22.359375,1.610062893081761
TGT,37,22.359375,1.654786862334032
TTA,5,22.359375,0.2236198462613557
TTC,17,22.359375,0.7603074772886094
TTG,28,22.359375,1.2522711390635919
TTT,14,22.359375,0.6261355695317959
