Motif,Observed,Expected,Enrichment
AAA,21,22.359375,0.939203354297694
AAC,14,22.359375,0.6261355695317959
AAG,40,22.359375,1.7889587700908456
AAT,9,22.359375,0.4025157232704403
ACA,18,22.359375,0.8050314465408805
ACC,20,22.359375,0.8944793850454228
ACG,7,22.359375,0.31306778476589797
ACT,11,22.359375,0.4919636617749825
AGA,38,22.359375,1.6995108315863032
AGC,28,22.359375,1.2522711390635919
AGG,66,22.359375,2.951781970649895
AGT,17,22.359375,0.7603074772886094
ATA,8,22.359375,0.3577917540181691
ATC,22,22.359375,0.983927323549965
ATG,22,22.359375,0.983927323549965
ATT,20,22.359375,0.8944793850454228
CAA,23,22.359375,1.0286512928022362
CAC,31,22.359375,1.3864430468204052
CAG,62,22.359375,2.7728860936408104
CAT,31,22.359375,1.3864430468204052
CCA,39,22.359375,1.7442348008385744
CCC,30,22.359375,1.3417190775681342
CCG,12,22.359375,0.5366876310272537
CCT,33,22.359375,1.4758909853249476
CGA,12,22.359375,0.5366876310272537
CGC,11,22.359375,0.4919636617749825
CGG,17,22.359375,0.7603074772886094
CGT,2,22.359375,0.08944793850454227
CTA,17,22.359375,0.7603074772886094
CTC,20,22.359375,0.8944793850454228
CTG,48,22.359375,2.146750524109015
CTT,25,22.359375,1.1180992313067786
GAA,29,22.359375,1.296995108315863
GAC,18,22.359375,0.8050314465408805
GAG,27,22.359375,1.2075471698113207
GAT,14,22.359375,0.6261355695317959
GCA,19,22.359375,0.8497554157931516
GCC,23,22.359375,1.0286512928022362
GCG,15,22.359375,0.6708595387840671
GCT,21,22.359375,0.939203354297694
GGA,34,22.359375,1.5206149545772187
GGC,18,22.359375,0.8050314465408805
GGG,37,22.359375,1.654786862334032
GGT,17,22.359375,0.7603074772886094
GTA,15,22.359375,0.6708595387840671
GTC,12,22.359375,0.5366876310272537
GTG,22,22.359375,0.983927323549965
GTT,8,22.359375,0.3577917540181691
TAA,13,22.359375,0.5814116002795248
TAC,8,22.359375,0.3577917540181691
TAG,13,22.359375,0.5814116002795248
TAT,16,22.359375,0.7155835080363382
TCA,28,22.359375,1.2522711390635919
TCC,19,22.359375,0.8497554157931516
TCG,3,22.359375,0.13417190775681342
TCT,23,22.359375,1.0286512928022362
TGA,29,22.359375,1.296995108315863
TGC,39,22.359375,1.7442348008385744
TGG,34,22.359375,1.5206149545772187
TGT,37,22.359375,1.654786862334032
TTA,12,22.359375,0.5366876310272537
TTC,18,22.359375,0.8050314465408805
TTG,18,22.359375,0.8050314465408805
TTT,18,22.359375,0.8050314465408805
