Motif,Observed,Expected,Enrichment
AAA,9,10.734375,0.8384279475982532
AAC,6,10.734375,0.5589519650655022
AAG,18,10.734375,1.6768558951965065
AAT,3,10.734375,0.2794759825327511
ACA,11,10.734375,1.024745269286754
ACC,10,10.734375,0.9315866084425036
ACG,4,10.734375,0.3726346433770015
ACT,5,10.734375,0.4657933042212518
AGA,19,10.734375,1.770014556040757
AGC,14,10.734375,1.304221251819505
AGG,26,10.734375,2.4221251819505096
AGT,10,10.734375,0.9315866084425036
ATA,5,10.734375,0.4657933042212518
ATC,10,10.734375,0.9315866084425036
ATG,12,10.734375,1.1179039301310043
ATT,9,10.734375,0.8384279475982532
CAA,13,10.734375,1.2110625909752548
CAC,17,10.734375,1.5836972343522562
CAG,29,10.734375,2.7016011644832605
CAT,19,10.734375,1.770014556040757
CCA,22,10.734375,2.049490538573508
CCC,16,10.734375,1.490538573508006
CCG,2,10.734375,0.18631732168850074
CCT,15,10.734375,1.3973799126637554
CGA,8,10.734375,0.745269286754003
CGC,1,10.734375,0.09315866084425037
CGG,6,10.734375,0.5589519650655022
CGT,2,10.734375,0.18631732168850074
CTA,11,10.734375,1.024745269286754
CTC,11,10.734375,1.024745269286754
CTG,19,10.734375,1.770014556040757
CTT,14,10.734375,1.304221251819505
GAA,14,10.734375,1.304221251819505
GAC,8,10.734375,0.745269286754003
GAG,12,10.734375,1.1179039301310043
GAT,8,10.734375,0.745269286754003
GCA,7,10.734375,0.6521106259097526
GCC,14,10.734375,1.304221251819505
GCG,5,10.734375,0.4657933042212518
GCT,6,10.734375,0.5589519650655022
GGA,15,10.734375,1.3973799126637554
GGC,6,10.734375,0.5589519650655022
GGG,15,10.734375,1.3973799126637554
GGT,11,10.734375,1.024745269286754
GTA,6,10.734375,0.5589519650655022
GTC,6,10.734375,0.5589519650655022
GTG,7,10.734375,0.6521106259097526
GTT,4,10.734375,0.3726346433770015
TAA,8,10.734375,0.745269286754003
TAC,1,10.734375,0.09315866084425037
TAG,7,10.734375,0.6521106259097526
TAT,6,10.734375,0.5589519650655022
TCA,15,10.734375,1.3973799126637554
TCC,8,10.734375,0.745269286754003
TCG,2,10.734375,0.18631732168850074
TCT,11,10.734375,1.024745269286754
TGA,15,10.734375,1.3973799126637554
TGC,21,10.734375,1.9563318777292575
TGG,17,10.734375,1.5836972343522562
TGT,20,10.734375,1.8631732168850073
TTA,9,10.734375,0.8384279475982532
TTC,13,10.734375,1.2110625909752548
TTG,5,10.734375,0.4657933042212518
TTT,9,10.734375,0.8384279475982532
